product_id,product_name,category,price,cost,launched_date
P001,อเมริกาโน่ร้อน,กาแฟ,55,14,2023-06-01
P002,อเมริกาโน่เย็น,กาแฟ,65,17,2023-06-01
P003,ลาเต้ร้อน,กาแฟ,65,20,2023-06-01
P004,ลาเต้เย็น,กาแฟ,75,24,2023-06-01
P005,คาปูชิโน่ร้อน,กาแฟ,65,20,2023-06-01
P006,คาปูชิโน่เย็น,กาแฟ,75,24,2023-06-01
P007,มอคค่าเย็น,กาแฟ,80,27,2023-06-01
P008,เอสเพรสโซ่,กาแฟ,50,13,2023-06-01
P009,เอสเย็น,กาแฟ,75,25,2023-06-01
P010,คาราเมลมัคคิอาโต้เย็น,กาแฟ,85,29,2023-06-01
P011,กาแฟมะพร้าว,กาแฟ,90,32,2026-03-01
P012,ออเรนจ์อเมริกาโน่,กาแฟ,85,28,2025-10-01
P013,ดาร์ทีส โคลด์บรูว์,กาแฟ,95,30,2023-06-01
P014,ดริปกาแฟดอยช้าง,กาแฟ,110,35,2023-06-01
P015,ชาไทยเย็น,ชา,60,16,2023-06-01
P016,ชาเขียวมัทฉะลาเต้เย็น,ชา,85,30,2023-06-01
P017,ชามะนาว,ชา,55,12,2023-06-01
P018,ชาพีช,ชา,65,18,2023-06-01
P019,ชาอู่หลงร้อน,ชา,60,15,2023-06-01
P020,โกโก้เย็น,นอนคอฟฟี่,70,21,2023-06-01
P021,นมสดคาราเมล,นอนคอฟฟี่,65,19,2023-06-01
P022,นมชมพู,นอนคอฟฟี่,55,14,2023-06-01
P023,สตรอว์เบอร์รีโยเกิร์ตปั่น,ปั่น,90,32,2023-06-01
P024,มัทฉะปั่น,ปั่น,95,34,2023-06-01
P025,โกโก้ปั่น,ปั่น,85,28,2023-06-01
P026,น้ำผึ้งมะนาวโซดา,โซดา,60,14,2023-06-01
P027,บลูฮาวายโซดา,โซดา,55,12,2023-06-01
P028,ครัวซองต์เนยสด,เบเกอรี่,65,25,2023-06-01
P029,ครัวซองต์แฮมชีส,เบเกอรี่,89,38,2023-06-01
P030,บานอฟฟี่พาย,เบเกอรี่,95,36,2023-06-01
P031,เค้กช็อกโกแลตหน้านิ่ม,เบเกอรี่,95,34,2023-06-01
P032,ชีสเค้กบลูเบอร์รี,เบเกอรี่,105,40,2023-06-01
P033,บราวนี่,เบเกอรี่,65,22,2023-06-01
P034,คุกกี้ช็อกชิพ,เบเกอรี่,45,14,2023-06-01
P035,ขนมปังปิ้งเนยน้ำตาล,เบเกอรี่,55,15,2023-06-01
P036,แซนด์วิชทูน่า,อาหาร,89,40,2023-06-01
P037,แซนด์วิชไก่อบ,อาหาร,95,43,2023-06-01
P038,สปาเกตตีคาโบนารา,อาหาร,159,62,2023-06-01
P039,ข้าวกะเพราไก่ไข่ดาว,อาหาร,129,48,2023-06-01
P040,น้ำดื่ม,อื่น ๆ,20,5,2023-06-01
