ขั้นตอน,จำนวนแถวที่กระทบ,การตัดสินใจ
1) ลบแถวซ้ำทุกคอลัมน์,265,ลบ: POS ส่งข้อมูลซ้ำ ถ้าเก็บไว้ยอดขายจะนับเกิน
2) แปลง datetime: ISO ปี พ.ศ.,628,แปลงเป็น YYYY-MM-DDTHH:MM:SS+07:00 ปี ค.ศ. (ไม่มีวินาทีใส่ 00)
2) แปลง datetime: DD/MM/YYYY ปี ค.ศ.,521,แปลงเป็น YYYY-MM-DDTHH:MM:SS+07:00 ปี ค.ศ. (ไม่มีวินาทีใส่ 00)
2) แปลง datetime: DD/MM/YYYY ปี พ.ศ.,9,แปลงเป็น YYYY-MM-DDTHH:MM:SS+07:00 ปี ค.ศ. (ไม่มีวินาทีใส่ 00)
2) datetime ที่แปลงไม่ได้,0,ไม่แก้ รายงานไว้ให้ตัดสินใจ (ควรเป็น 0)
3) ตัดช่องว่างหัว/ท้ายชื่อสาขา,0,strip ก่อน map
3) map ชื่อสาขาเป็นชื่อมาตรฐาน,732,map ตามตาราง BRANCH_MAP (ม. = มหาวิทยาลัย ตามทีม POS)
4) unit_price: ตัดคำว่า 'บาท',60,ตัดคำแล้วแปลงเป็นตัวเลข
4) unit_price: ราคาติดลบ,25,แปลงเป็นบวก: ไม่มีการคืนเงินในระบบนี้ ค่าติดลบคือพิมพ์ผิด
4) unit_price ที่แปลงเป็นจำนวนเต็มไม่ได้,0,ไม่แก้ รายงานไว้ให้ตัดสินใจ (ควรเป็น 0)
5) ลบแถว qty = 0,20,ลบ: เป็นบิลที่ยกเลิก
5) ลบแถว product_id ว่าง,15,ลบ: ไม่รู้ว่าขายสินค้าอะไร เดาจากราคาไม่ได้แน่นอน
6) แถวซ้ำที่เกิดใหม่หลังแปลงรูปแบบ,0,รายงานไว้ ไม่ลบอัตโนมัติ (ควรเป็น 0)
