date,holiday
2025-04-13,สงกรานต์
2025-04-14,สงกรานต์
2025-04-15,สงกรานต์
2025-05-01,วันแรงงาน
2025-05-12,วันวิสาขบูชา
2025-06-03,วันเฉลิมฯ พระราชินี
2025-07-10,วันอาสาฬหบูชา
2025-07-28,วันเฉลิมฯ ร.10
2025-08-12,วันแม่
2025-10-13,วันนวมินทรมหาราช
2025-10-23,วันปิยมหาราช
2025-12-05,วันพ่อ
2025-12-10,วันรัฐธรรมนูญ
2025-12-31,วันสิ้นปี
2026-01-01,วันขึ้นปีใหม่
2026-03-03,วันมาฆบูชา
2026-04-06,วันจักรี
2026-04-13,สงกรานต์
2026-04-14,สงกรานต์
2026-04-15,สงกรานต์
2026-05-01,วันแรงงาน
2026-06-01,วันวิสาขบูชา
2026-06-03,วันเฉลิมฯ พระราชินี
2026-07-28,วันเฉลิมฯ ร.10
2026-07-29,วันอาสาฬหบูชา
2026-08-12,วันแม่
